Lokasi Rak,Kode Material,Nama Barang,Qty,UoM,Deskripsi,Link Drive Foto,Link Drive Foto,Link Drive Foto Gabungan
RE02.1,-,JST J24 DFS-40V-KE,34,Pcs,,https://drive.google.com/file/d/1PmrBfzS0X8FoFvCdWehae4VGP4daYVFL/view?usp=drivesdk,,
RE02.1,-,R38FDS-40V-KE,22,Pcs,,https://drive.google.com/file/d/1KvigrtRRpEtDgcfZNuIp56uWQbJEUtLh/view?usp=drivesdk,,
RE02.1,-,San disk 64 gb,3,pcs,,https://drive.google.com/file/d/1v3sEirKnVZVp6Ulw059eDvi-IF7A7Xxu/view?usp=drivesdk,,
RE02.1,-,Thermal overload relay,2,Pcs,,https://drive.google.com/file/d/1I3drl-xOi1srpQzCGgm7It7ld742a2IY/view?usp=drivesdk,,
RE02.1,-,Wago 769-413,25,Pcs,,https://drive.google.com/file/d/1ST--qFLFSriij0pOMKQ-j4uaewCYuTi6/view?usp=drivesdk,,
RE02.1,-,Heatshrink tube,45,Pcs,,https://drive.google.com/file/d/1mSM0SjLuX6Np6O4alql7wuR-ZQpZy__5/view?usp=drivesdk,,
RE02.1,-,Konektor D-Sub 37-pin,3,Pcs,,https://drive.google.com/file/d/1KusJVHIeP7GSnsEOQ8migsh21mCfCUuV/view?usp=drivesdk,,
RE02.1,-,"MCB,ABB,S201 MT C6",1,Pcs,,https://drive.google.com/file/d/1ZNdVTITAMT92tQy6SKxJwP643CdkDG39/view?usp=drivesdk,,
RE02.1,-,"Han q Quintax Buchse, 3-9.5 mm",1,Pcs,,https://drive.google.com/file/d/1mBNAfktwIVQ5Lxcf_SHMZwRwUOiS10g_/view?usp=drivesdk,,
RE02.1,-,"MCB,ABB,S20IMT C6 VC",1,Pcs,,https://drive.google.com/file/d/1TXG00y1E7HYDj3GXiW5ADCyNY2w5_oI7/view?usp=drivesdk,,
RE02.1,-,Hinged frame 10B for 3 Modules  (A.C),2,Pcs,,https://drive.google.com/file/d/1SCMayzVFCPzyQvcs_0KGrBOM9AFDdUrw/view?usp=drivesdk,,
RE02.1,-,Contoctor ABB AX18-30-10,3,Pcs,,https://drive.google.com/file/d/1E6RVW_C4pGEGn45vjXgXgz4o29gOow0l/view?usp=drivesdk,,
RE02.1,-,Relay ABB CR-M230,1,Pcs,,https://drive.google.com/file/d/1Dt9Qnv1KjURsR1Q55RweKS3HJYH7Iged/view?usp=drivesdk,,
RE02.1,-,LED MR16,8,Pcs,,https://drive.google.com/file/d/1xIARbb2VXoiAF_HSU6XDKkMBQvfFCzDQ/view?usp=drivesdk,,
RE02.1,-,Contoctor AF09Z,4,Pcs,,https://drive.google.com/file/d/1sKy9rNZDrMOMHJKNNAI6AyvBGA1WTMyG/view?usp=drivesdk,,
RE02.1,-,ABB S20 IMT C6,1,Pcs,,https://drive.google.com/file/d/1U80YkPbY2l_tu40QBj4kCQPP-ILVUZKr/view?usp=drivesdk,,
RE02.1,-,CR- M23 QAC 4AL,4,Pcs,,https://drive.google.com/file/d/1cKdN94HF0ZR7rDVL5r7RrhTu6i6R9F68/view?usp=drivesdk,,
RE02.1,-,Switched-mode power supply,1,Pcs,,https://drive.google.com/file/d/1D-DWsORfzMba4HA5CwDrK27N0xu5gNb1/view?usp=drivesdk,,
RE02.1,-,Relay mors smith D- 4204-Lg 110VDC,2,Pcs,,https://drive.google.com/file/d/1Ia4K0qQyA1hBiWH2VrAfZ8-V86w6TWp_/view?usp=drivesdk,,
RE02.1,-,ABB CA4-40E,2,Pcs,,https://drive.google.com/file/d/1__ivtg94rGU4WV1QTLKuGuNJmC91H_3R/view?usp=drivesdk,,
RE02.1,-,Relay mors smitt,17,Pcs,,https://drive.google.com/file/d/1leMlpZNBi80Jtx8fZoRbmuTxsmMQCmuV/view?usp=drivesdk,,
RE02.1,-,Power Supply wago 787-1014q,2,Pcs,,https://drive.google.com/file/d/1rSwGj9YriOQu9USh-SY4He6fgxhK6hTy/view?usp=drivesdk,,
RE02.1,,"Relay mors smitt, kcd-u201 24VDC ",1,Pcs,,https://drive.google.com/file/d/1scI2vXJKU275ue4PfK9JKGOEsL2_GBHP/view?usp=drivesdk,,
RE02.1,-,Filter oli comman Rail injector weiyuan,1,Pcs,,https://drive.google.com/file/d/1ndWrjb2Gojnr4lWEk3TPFPMkhvATrxXH/view?usp=drivesdk,,
RE02.1,-,"Relay mors smitt, CV-V209-BLr 110VDC",19,Pcs,,https://drive.google.com/file/d/1f_dDlVRObJBse94Fyar3E5ZxKYRyEHM-/view?usp=drivesdk,,
RE02.1,-,Mors smitt v29 relay socket ,5,Pcs,,https://drive.google.com/file/d/12jjj8gXHBu_llrKZJtfphD54Y-AciTJz/view?usp=drivesdk,,
RE02.1,-,Intermedrate Plate PT 150 L,1,Pcs,,https://drive.google.com/file/d/17yUKJ9MqGBvu7SND1RslC2d-83HLlpci/view?usp=drivesdk,,
RE02.1,-,Intermedrate Plate puw 40 lcb,1,Pcs,,https://drive.google.com/file/d/1U8p24plYlHEqt6B2_tY2TkLPhqX9f_xg/view?usp=drivesdk,,
RE02.1,-,Intermedrate plate toyogiken PT U-80L,1,Pcs,,https://drive.google.com/file/d/1WVvjnv-xnh9z6uS5vGITB9BZeFEhTXta/view?usp=drivesdk,,
RE02.1,-,Socket Relay mors smitt v17,4,Pcs,,https://drive.google.com/file/d/13lztqsdPB0SiRSooa2k8rlRQkLLAuoWM/view?usp=drivesdk,,
RE02.1,-,"Relay mors smitt, kcd-u201 24VDC ",1,Pcs,,https://drive.google.com/file/d/1scI2vXJKU275ue4PfK9JKGOEsL2_GBHP/view?usp=drivesdk,,
RE02.1,,"Relay morssmitt, KCD-4201 24VDC",3,Pcs,,https://drive.google.com/file/d/1dj16jP0D4snJ3l9vMl4FICV3zip_zuXe/view?usp=drivesdk,,
RE02.1,,"Relau morssmitt, TDB4-V204 1-103 110V",1,Pcs,,https://drive.google.com/file/d/179QUJsqi6dA33sWshJXHX3Lkn43OFrdJ/view?usp=drivesdk,,
RE02.1,,Tb Fuji TXW 5.5,1,Pcs,,https://drive.google.com/file/d/1zWr_vY6J7mu_7Vp7X9XlQAQGEuOaLE4F/view?usp=drivesdk,,
RE02.1,,Skun JST 1.25 ,1,Pcs,,https://drive.google.com/file/d/18AJS3GK0UUw7KUto9FxRmfzzW2UCDAy5/view?usp=drivesdk,,
RE02.1,,"Relay Timer , ABB CT-SDD.22 E234",3,Pcs,,https://drive.google.com/file/d/1umBYtwRU5s_iHaYsWQCmgAP8NEXHvL9U/view?usp=drivesdk,,
RE02.1,,"Relay morssmitt, TDB4-V204N Lg 0-60s ",1,Pcs,,https://drive.google.com/file/d/1boyO8IcIjcdLqxuToTg2XSR-gSWJupfH/view?usp=drivesdk,,
RE02.1,,Relay TDEUN-UN 72-230VAC/DC,1,Pcs,,https://drive.google.com/file/d/1Sy_2k3GAc2sNmY-MldMp4eYsT-7e3FpG/view?usp=drivesdk,,
RE02.1,,Elektronik pin berlapis emas ,124,Pcs,,https://drive.google.com/file/d/1IDHJxDk5yy0ns6xY0JxxssdkrDe2yOiK/view?usp=drivesdk,,
RE02.1,-,"Han quintax, female",1,Pcs,,https://drive.google.com/file/d/1B_hpXvutzeHelgf7LuiUkdwDH-zpBFWq/view?usp=drivesdk,,
RE02.1,-,PSUWEIDMULLER PRO ECO 240W 24V,1,Pcs,,https://drive.google.com/file/d/1pa2hLODHOpiirnQum4vMT9PALVCwFruj/view?usp=drivesdk,,
RE02.1,-,TE Connectivity/Amp Dynamic D-300,11,Pcs,,https://drive.google.com/file/d/1cKfCLld6jlOpSCtgO_Z2ejKDADujyfKr/view?usp=drivesdk,,
RE02.1,-,D-3100 Perumahan 20 Pin 178289-8/T9CO Connector,3,Pcs,,https://drive.google.com/file/d/1Kqa2TP9r8qEbIC1cxlFp14ZZi-TMlVH_/view?usp=drivesdk,,
RE02.1,,"Morssmitt, CU-U204 BLg",1,Pcs,,https://drive.google.com/file/d/1s-whWOhj5R4ybGIsAM9uVlVHCv4vNecb/view?usp=drivesdk,,
RE02.1,,MS059 P-L22,1,Pcs,,https://drive.google.com/file/d/1bk6uDWoaRQp3Rd6MR0s7mh8ayMrCX5dF/view?usp=drivesdk,,
RE02.1,,ABBS 203 MTC 16/D63/S2202 MTC6,1,Pcs,,https://drive.google.com/file/d/1h326aDrz_AgT75hK_JR9LaTC0WhJDb_I/view?usp=drivesdk,,
RE02.1,,JST Connector,1,Pcs,,https://drive.google.com/file/d/10FF9x40cAeS2NnluMwuJ_NAHhg0fKFZr/view?usp=drivesdk,,
RE02.1,,JST JVA Conector J320m,23,Pcs,,https://drive.google.com/file/d/1ZTm02LVPzCIos2unpAmgrfz_KnJVAWam/view?usp=drivesdk,,
RE02.1,,JST RV-KX-L,305,Pcs,,https://drive.google.com/file/d/1ee5BMQI9rDlo2MRevvc48DQGdrMXwMd8/view?usp=drivesdk,,
RE03.1,,M12 4P D-CODE D MALE,1,Pcs,,https://drive.google.com/file/d/11NbjEO4xGWndMlHiOHle17qkBCNm_ngA/view?usp=drivesdk,,
RE03.1,,SKUN SOKET (Male + Female),1,Pcs,,https://drive.google.com/file/d/1B-NiLSgqWGX5Jdhypv3shb8suRUrSSmo/view?usp=drivesdk,,
RE03.1,,WAGO 25x2022 -152,1,Pcs,,https://drive.google.com/file/d/195kazP3pGTE11v1QfXEgg052dxIq1x59/view?usp=drivesdk,,
RE03.1,,Soket RS232 DBg Konektor Female ,1,Pcs,,https://drive.google.com/file/d/15R3Yc18BP5JbUHR06YRvoaffMNR2q1Kl/view?usp=drivesdk,,
RE03.1,,MI2 Crimp Slim d-cod ed,35,Pcs,,https://drive.google.com/file/d/1SkHifcuN8TJfrJi1gUnHcEuBXTa437li/view?usp=drivesdk,,
RE03.1,,M12 D-CODE 4 PIN MALE/SPIN,1,Pcs,,https://drive.google.com/file/d/1AawLvg01BpuYhOFVnri2UeyB7nRYDIQG/view?usp=drivesdk,,
RE03.1,,Connector D13 Female,1,Pcs,,https://drive.google.com/file/d/1oXilzYy4fSAeuFYysu6PysyQvsAU0pqO/view?usp=drivesdk,,
RE03.1,19000200295,PIN PLC Receptacicie Contact,37,Pack,,https://drive.google.com/file/d/1sdUczDRzGxZpofy_UM1Z-lixukBWRxX0/view?usp=drivesdk,,
RE03.1,,Terminal Block Tide TXW S-S,1,Pcs,,https://drive.google.com/file/d/1b3E2uMR_83kGUM0y5V_UIjTp40xzrilM/view?usp=drivesdk,,
RE03.1,,DF06-ICLO IPO OA 230/400,1,Pcs,,https://drive.google.com/file/d/1Nmx5yEB0FhLizlreqMkdqhBe6yEvcUAL/view?usp=drivesdk,,
RE03.1,,M12/D-Sub-Crimping male Needie,1,Pcs,,https://drive.google.com/file/d/1ji9gPKwgxJALyfKTcYwdWEP08dIU2-mT/view?usp=drivesdk,,
RE03.1,,64Q-2125 Relay DC110V,2,Pcs,,https://drive.google.com/file/d/1C2aPo2qEw71C91MYZ7FpReu6ZyY33DS9/view?usp=drivesdk,,
RE03.1,,JST 100-8,1,Pcs,,https://drive.google.com/file/d/14pnTjiddlEJulRbro_0xBqUt_8SAjT4I/view?usp=drivesdk,,
RE03.1,,"Stop Kontak, Panasonic WES JP 1121 W ",2,Pcs,,https://drive.google.com/file/d/1jUfLotvGhNOAt-L2VhvRHxudeTTV91fF/view?usp=drivesdk,,
RE03.1,,"Kontak, Pnasonic WESJP 11218",2,Pcs,,https://drive.google.com/file/d/1D5A40ZNlZwejIuMlmi214yXrDH4zwKxY/view?usp=drivesdk,,
